<?xml version="1.0" encoding="UTF-8"?>
<!DOCTYPE suite SYSTEM "https://testng.org/testng-1.0.dtd">
<suite name="Suite">
  <test thread-count="5" name="Test">
    <classes>
      <class name="com.simplilearn.demo.FacebookLogin"/>
      <class name="com.simplilearn.demo.GroupTest"/>
      <class name="com.simplilearn.demo.FirstDemo"/>
      <class name="com.simplilearn.demo.AppTest"/>
      <class name="com.simplilearn.demo.AssertionExample"/>
    </classes>
  </test> <!-- Test -->
</suite> <!-- Suite -->
